0,1,2,3,4,5,6,7,8,9,10,11,12,13,14,15,16,17,18,19,20,21,22,23,24,25,26,27,28,29,30,31,32,33,34,35,36,37,38,39,40,41,42,43,44,45,46,47,48,49,50,51,52,53,54,55
0.66789836,0.34502694,0.4903364,0.92675316,0.79575807,0.1763633,0.7866975,0.55584604,0.051873412,0.8568645,0.8961495,0.857748,1.0,0.5330189,0.20628257,0.2852691,-0.0029158194,0.0003290847,0.0018891437,0.00064692926,0.00025910535,0.0008368942,-0.000308996,-0.00024403443,-0.00020877902,0.0003082591,0.00026213477,-0.00067052373,-0.00048164895,5.887929e-05,0.007059834,-6.436542e-05,0.00030464708,-0.00016861704,0.9999879,-0.00022816837,0.00013432858,0.00018202061,-0.00048741285,1.2737728e-06,-0.0001977715,-0.00044794122,-0.00016418695,-0.00053854525,-0.00081331364,-0.00017987462,2.7108457e-05,-0.00042950863,0.00023558477,0.00010316458,3.5785437e-05,-0.007026758,0.006350646,-0.00039342858,-0.0002785831,-0.00309254
0.6093255,0.32418784,0.17538019,0.30066755,0.095288396,0.13205267,0.106542684,0.5201306,0.056069795,0.9173455,0.95011145,0.9134986,0.9982657,0.001480054,0.06688641,0.071019575,0.23381478,0.28109783,0.45541012,0.00017840942,-0.0005385405,-0.0003005226,6.4380874e-05,4.895634e-05,1.94708e-05,3.6624973e-05,-0.00096492603,0.00031681886,-0.0003419548,0.0006345782,0.0007797534,-0.00018492834,-0.0005507766,-0.00034708553,0.98779964,6.870848e-05,0.00017614895,0.00018108966,0.00023698153,-0.00023269016,-9.467258e-05,-0.00020511907,-0.00014703567,0.00010500901,0.00061273057,-0.0008078381,-1.6998427e-05,0.00040524325,-0.0002352809,5.6071905e-05,0.0001697259,-0.015526941,-0.009676581,0.0002327352,2.8045113e-05,0.0008095743
0.6624511,0.339564,0.50784826,0.9437624,0.63225675,0.33793157,0.6215185,0.8387077,0.13321683,0.86368024,0.90866166,0.85797083,0.9999999,0.0018776226,0.41231325,0.52952033,0.18788497,0.23182376,0.37557942,0.00013115333,2.618917e-05,0.00014270667,0.00051966263,-0.0011640341,-0.00020095306,0.00052655174,-0.0005357979,-0.00025160797,-0.0010428386,0.00062779454,-0.0014057145,-0.00039418644,-0.00029612318,0.00073834293,0.99986506,-0.0002971318,0.00013424421,-0.00061218697,0.00018239897,0.00017052464,0.0003007812,-0.0002078811,-0.0008038792,-0.0005350976,0.0007699451,-0.00032102328,-0.00051712943,-0.00033156094,0.00048946164,0.0001979114,0.0009070806,0.03135721,-0.0006053978,0.00019836004,-0.0012785974,0.018988818
0.6332093,0.12437082,0.37130624,0.6681076,0.18880981,0.10032768,0.20265134,0.16206403,0.02382696,0.9216077,0.9563421,0.9257116,0.9997092,0.26040968,0.0046029645,-0.000572946,-0.0016457244,0.0018414716,0.0026527096,0.00011706283,-0.0002098867,-0.00026556102,5.8272417e-06,-0.00035319378,-0.0004154416,0.0004164369,-0.00017851204,0.00039224076,-0.00028244793,0.00011138408,0.002129484,0.00022284476,-0.00042011635,0.00021237323,0.9991989,-6.606823e-05,2.986606e-05,-0.000118024094,-6.57307e-05,-0.0007188059,8.169867e-05,0.0001393833,-4.1637395e-06,0.00019087183,9.621016e-05,0.0002494211,-0.00024062458,-0.00012652588,0.0002596208,-5.9118116e-05,5.6326626e-06,-0.002983116,-0.0014496356,0.0001626086,-0.00026044884,0.009591018
0.6260933,0.24565558,0.18964848,0.34020993,0.11134546,0.14667512,0.109073035,0.27799034,0.047072116,0.908897,0.946695,0.90710586,0.9938256,-0.00024102232,-0.0048540267,-0.0017248944,-0.00050099957,-0.0037795664,0.0025855291,-0.00026749703,-0.0002687254,4.328738e-05,-0.00017862064,0.0008964725,0.0002294941,-5.996146e-06,-0.00020159704,-0.00026027884,0.00021888345,5.2662697e-05,0.0012101004,1.9814932e-05,0.00032349254,-0.00012482227,0.9974305,0.00020528583,-0.00010235386,-0.0003160077,-0.0003022686,0.00010472394,-0.0006245824,-0.00021625771,-0.0002498491,-0.0005448265,-0.00015458334,-0.00020437338,7.3200514e-05,-0.00023933913,-7.771625e-05,-0.00014756952,0.00054730027,-0.0008197723,0.005935961,-0.00010984769,0.0001387572,0.00056378724
0.6551697,0.20800835,0.4960057,0.91057754,0.3202743,0.10322711,0.3137329,0.40448597,0.059977073,0.8747146,0.9167884,0.87750524,0.99997747,-0.0026546994,0.0019683817,0.0009826982,0.0012873643,-0.0010405452,0.0077083106,-1.3607496e-05,-0.0001642066,-0.00043452822,-0.00022069731,0.00025155643,7.361913e-05,0.0002785212,-0.00036482347,-0.00013024404,-0.00014463338,0.00028663417,0.0007172468,-8.760791e-06,-0.00014681488,3.1880772e-06,0.9988525,4.063797e-05,-0.00013884772,-0.00012697568,-7.466645e-05,-2.4160257e-05,-2.2919718e-05,-0.00011200454,-6.255726e-05,-0.00018966937,1.8749954e-05,-0.00024781757,-6.42682e-05,-0.0002221654,-3.860324e-05,-1.0498916e-05,-8.089153e-05,-0.0039143735,0.00042622906,0.00015944886,0.00019632257,0.0017145837
0.6172035,0.19232792,0.4788929,0.8743601,0.2945292,0.18615957,0.29118675,0.32013354,0.06417109,0.8790257,0.9221348,0.8780634,0.99947715,0.00061102764,0.00033540395,0.00097023626,0.00044920962,0.0021079427,0.0007187931,-3.624949e-05,-0.00016823685,-0.00017719828,-5.8280813e-05,0.00016774304,1.0592834e-05,5.855954e-05,-0.00020654943,-0.00017396585,6.0810737e-05,2.161817e-05,0.0046174256,0.0002015523,-0.00019675208,5.224443e-06,0.0011078173,1.775905e-05,-9.2914364e-05,-0.00022965811,-0.00027764114,9.454713e-05,-7.2964845e-05,0.00010356663,-0.00025741823,-5.510624e-05,-9.870397e-05,-0.000248255,5.8050195e-05,-3.4444656e-05,-0.00012858966,-0.000120048615,9.8067794e-05,0.84590197,-0.0005506188,0.0001097748,-4.3198e-05,0.0020555323
0.22412078,0.23020689,0.2929038,0.5379566,0.09238954,0.30439642,0.09068009,0.19932112,0.07663172,0.954588,0.9867975,0.9554519,-0.0011262544,-0.00020511216,-4.449743e-05,0.00038665775,-0.0012428648,-0.00064299407,0.001015764,5.181943e-05,-0.00016852407,2.1547312e-05,-0.00020238884,6.6498e-05,-1.0807926e-05,2.5226836e-05,-1.1844109e-05,-6.211332e-05,5.5554556e-05,7.046992e-05,0.0012841232,5.166633e-05,-4.020788e-05,8.270606e-05,0.0015639818,6.554913e-05,-0.00011710393,-7.185475e-05,-0.00011710281,-0.00010650475,-0.00011933157,8.900281e-05,-7.52934e-05,-7.28108e-06,-8.71113e-05,-0.00011150623,-4.05725e-05,0.000108418666,9.191638e-05,-0.00016864492,-4.570625e-05,-0.004036912,0.99853754,-5.3500262e-05,-0.00025311555,0.99862283
0.6303253,-0.014686311,0.49901202,0.90291506,0.6498703,0.32552925,0.64906186,0.13525571,0.10214622,0.8829589,0.92162293,0.88553935,0.9999961,-0.0052583963,0.13383688,0.001747491,0.0022270952,0.00403962,-0.0006204575,-0.00020160736,-0.00018020908,-0.00015966505,-0.00018694362,0.0001732165,7.218472e-05,0.00013404588,-0.00039949422,-0.00030018835,-5.412352e-06,-0.0001817211,0.002716562,9.720779e-05,5.5795354e-05,4.745675e-05,0.9991021,2.427996e-05,-0.00022862414,-7.9254234e-05,-0.00013669571,1.819097e-05,-8.371324e-05,0.00031460493,-4.291626e-05,-9.0681075e-05,0.00023926666,-0.0002593438,7.163995e-05,1.6386111e-06,0.00015203854,-0.000115987525,-0.0001757291,-0.0016270117,0.0037710716,3.677848e-05,0.000120784134,-0.009605092
0.63146853,0.37352633,0.16639264,0.31554478,0.08578372,0.5920657,0.08580821,0.927635,0.094812535,0.9206178,0.95400417,0.9405768,0.9996639,0.0019534728,0.31328902,0.40712443,0.26901546,0.33369166,0.5427305,-0.00069609104,-0.0006955071,2.0810112e-06,-8.043033e-06,0.0002760619,-0.0004976777,-6.89047e-05,-0.00022553894,0.00015587453,0.0003559834,0.00043951484,-0.00022510905,8.9732e-05,-0.0011109408,-0.00056304754,0.99607474,-1.8523331e-05,-0.00029005145,0.0005997249,0.0011932759,0.00017653927,-0.00048967055,-0.00082561374,0.0004495525,0.0008695127,-3.0533018e-05,-0.001182447,-0.00012934282,0.0016814744,-0.00064121303,-0.00025996895,0.0006384215,0.003166695,0.99302024,0.00013654686,-9.675511e-05,-0.0038966767
0.6957109,0.19194363,0.51549953,0.92825776,0.890717,0.18661468,0.8893297,0.2862401,0.07278336,0.8652671,0.9024826,0.8661423,0.99999946,-0.0004674275,-0.0019309493,0.002050879,-0.00015491052,0.00032364065,0.0049520754,0.0003726981,-9.286153e-05,-9.5842755e-05,-0.0001514257,7.866719e-05,-4.4337903e-05,-0.00052234187,-2.2421933e-05,-3.3031858e-05,-0.00017569496,0.00023142378,-0.0010736315,0.000114254566,-0.00059158326,0.0003127873,0.99605924,-7.4234355e-05,-2.905348e-05,-8.248801e-05,-0.00027696215,1.2368724e-05,0.00028615355,-6.3996784e-05,-0.00019341995,-1.753075e-05,-4.4320826e-05,-5.380243e-07,-2.5925881e-05,-3.7870414e-06,-0.00038115788,-0.00020277477,-0.00021398891,0.013601675,-0.0029899222,8.058851e-08,0.0005319319,0.0044236993
0.6676053,0.3447414,0.47374216,0.894933,0.17066559,0.6226604,0.21850513,0.71096593,0.052633703,0.9261851,0.9570974,0.9318409,0.9997997,0.01255821,0.35755703,0.4977584,0.1639227,0.18590151,0.35589018,-0.0016123019,-5.717372e-05,0.002499793,-0.00028444495,0.00033299203,-0.00082809036,0.00045475908,0.00054079585,0.00043002353,0.00030145812,-0.0012227065,-0.0029289862,0.0008075496,0.0019090544,-0.0014475118,0.9964533,-0.00021068414,-0.00013003446,0.0007846141,-0.0013376309,-0.0009648681,1.104892e-05,-0.00015880138,0.0005507761,0.0012001025,-0.002113622,-0.0007617362,-0.0008993495,0.0015292567,-0.0021570718,4.543652e-05,0.00094380276,-0.0012464703,0.99895024,-0.00080160034,0.0019167081,0.02230855
0.6373745,0.00044226644,0.50216895,0.9115619,0.73305297,0.3440692,0.73185635,0.15180732,0.10602396,0.8802478,0.9171592,0.8818174,0.99999917,-0.0052085933,0.11925145,0.0019367075,0.0018939987,0.004118671,-0.0016792405,-5.0022558e-05,-0.00012490441,2.1662912e-05,-0.00016841594,0.00010473252,-2.1161562e-05,0.000107753294,-0.00024869468,-0.0003357047,-0.00011237213,-0.0001689651,0.0009450304,5.2493087e-05,7.6635355e-05,-2.1229702e-05,0.9993263,-1.4705291e-05,-0.00021656475,-7.4665295e-05,-0.00013514704,6.2553365e-05,-9.5913274e-05,0.00026272886,-1.2015196e-05,-0.00010267798,0.00018836148,-0.00019435107,2.5520145e-05,2.5259147e-05,7.1848066e-05,-0.00010331698,-7.2054725e-05,0.0015772829,0.0033121784,-5.4261618e-05,0.00015432923,-0.009040372
0.2013746,0.2108881,0.47595373,0.8732457,0.15265605,0.6838709,0.13789034,0.106585495,0.077278584,0.942495,0.98630387,0.94169617,0.0024896725,-0.0028033913,0.0006669414,0.00078600534,-0.00038406247,-0.0007009235,0.00046171327,-6.957425e-05,-0.00014214109,-0.00027280996,6.2122024e-05,3.0234252e-05,-0.00025651732,0.00020284581,2.8296592e-05,-0.0002771105,-1.9298663e-05,0.00010796107,0.00032421993,6.3236934e-05,-0.00020280332,-4.7795103e-05,0.0026258836,7.1417955e-05,-0.00027644122,-8.57507e-05,-3.3435128e-05,0.0001441937,-0.00021528058,0.00015175685,9.5401076e-05,-0.00013734525,0.00016248459,-6.996756e-05,6.967386e-05,0.00020197273,0.00011576775,-0.00012301374,-0.00030215195,0.99960655,-0.00052395667,-2.7192698e-05,0.00032274905,0.9973541
0.6762621,0.194736,0.49906626,0.91279155,0.4908324,0.1592008,0.4854577,0.4016884,0.08098179,0.8754488,0.9129044,0.8731213,0.99998057,-0.0031361412,-0.0025663748,0.0009313929,-0.001507387,0.00089926925,-0.0017971188,-0.00017773011,-0.00020345848,3.6189886e-05,-0.000104758314,4.0323386e-05,-0.00025984994,3.8666047e-05,0.0001342088,-0.000104490726,-0.00011862183,0.00033318478,0.0020015405,-2.462514e-05,-0.0003604195,1.3681274e-06,0.0030110423,0.00013498415,-1.286203e-05,-5.1599272e-06,-0.00034573185,0.000102829115,8.036554e-05,0.00014261222,0.00026184242,-0.00011241381,0.00018945281,-0.00021839677,0.00015958217,6.701806e-05,-0.00010229403,-7.343653e-05,-0.0003598484,0.99826884,-0.0015270025,-0.00030193623,1.7096514e-05,-0.005117053
0.18045,0.0028753201,0.4985776,0.96294683,0.1579381,0.26588765,0.15738006,-0.001638925,0.07270084,0.9346385,0.98336744,0.93221056,-0.0028062854,0.52687,-0.00030812307,0.0014745147,-0.0005940247,-0.0010515781,0.00032449537,-0.00022852793,-0.00014780396,-5.040274e-05,-0.0002245108,-1.0755553e-05,-0.00023849866,0.0003476294,-0.00013009773,3.1266914e-05,-0.00029481892,0.00028547033,1.873821e-05,-0.00025629663,-2.684621e-05,-4.450143e-05,-0.0004373958,-1.2048053e-05,-0.00026232147,-0.00018939885,0.00030908117,-2.082489e-05,-0.00035330863,-0.00010060796,0.00022541374,-0.0002720211,4.066358e-06,0.00011664149,-0.00012640543,0.00047119777,-8.5546126e-05,0.00010264211,3.756502e-05,0.9995196,-0.0010953739,-4.4639863e-05,1.4289362e-05,0.99994665
0.1749779,0.15808359,0.010544565,0.012681281,0.010411467,0.13543317,0.0048040305,-0.00435471,0.045055516,0.8625045,0.90022635,0.8555651,-0.0012060016,-0.0019005788,0.0034321141,0.0012109916,0.003061745,0.0017356041,0.0032087385,0.00019783006,-0.0001601312,6.609896e-05,-0.00022303143,0.00022780136,-0.00014446446,0.00020215339,-0.00023618997,5.3224503e-05,-0.00023275524,0.00015864246,0.99960047,0.00017610229,-0.00014909217,-0.00035152785,-0.00034387788,-0.00020721384,-0.00012461195,-4.5941124e-06,3.6109996e-05,5.4381067e-05,-7.61642e-05,9.02829e-05,9.3293755e-05,-0.0002736448,0.00031762652,-4.3516487e-05,-3.9978477e-06,-0.00033710484,0.00013047463,3.267353e-05,-0.00028906832,0.9996508,0.00050303334,-4.2586937e-05,0.0008665757,0.99999595
0.6280879,0.08309966,0.09694649,0.18165612,0.05563029,0.068058915,0.06675958,0.29263878,0.015495133,0.92741114,0.96192163,0.9223762,0.999613,-0.0043758564,0.006579175,0.02310854,0.0018369181,0.157722,0.111141615,-0.00013678602,5.2156392e-06,-5.4982607e-05,-0.0003419689,0.00050972233,-0.0006191523,0.0004377944,0.00014093208,0.00045396527,-0.00039399962,0.00014443668,0.0006421468,-0.0001517308,0.0004446326,-0.00028555634,0.9765964,-0.00031725314,0.00043133806,0.00034014758,-0.00049525115,0.000308903,-0.00023280783,-0.00025049553,-0.00011168352,-0.000740055,-0.0006252977,0.0001636893,0.00022649023,-7.3088755e-05,-0.000105076644,0.00017782307,-0.00019000068,0.16847831,-0.0017971197,-0.00042380297,0.0011600768,-0.017259663
0.6562238,-0.03547676,0.48807716,0.8998604,0.6297593,0.16183284,0.62872666,0.16158032,0.07872291,0.88418573,0.9197073,0.88893586,0.9999948,0.24515855,0.11047625,7.258786e-05,0.00092334877,0.002581742,-0.00049466913,4.081415e-05,-0.00013842306,-3.1497504e-05,-4.7515758e-05,1.0083168e-05,1.4647572e-05,0.00020899014,-0.00029157364,-0.00020848679,-2.7682254e-05,-0.00024303405,0.0032357182,0.0002270656,2.0324143e-05,4.6449233e-05,0.99982995,2.3516712e-05,-0.00021628378,-0.00014440584,-2.4968642e-05,-0.00030642928,-0.0001376403,0.0001400609,-0.00018887222,4.854027e-05,0.00014480113,-0.00018239525,-4.5418667e-05,-8.831252e-05,0.00010222425,-0.0001474482,0.00014300353,-0.002785506,0.0007161513,2.1924236e-05,-4.5827568e-05,-0.0028107278
0.65788776,0.25805837,0.50041205,0.9185815,0.56670064,0.16789362,0.56810856,0.36204928,0.082372166,0.87803054,0.9119637,0.8738444,0.99999696,0.48849285,0.1472682,0.1051101,-0.00079416094,-0.00026397244,-0.0068838564,0.00022302223,-8.776445e-05,0.00062142673,-0.00026787113,0.00019647271,-0.0003013892,0.00021674231,0.000104869905,1.9598956e-05,-0.00046006124,0.00013855459,0.0014515318,-0.00012068522,9.376894e-05,-4.843237e-05,0.00029548554,-2.061328e-05,0.00016084945,7.361386e-05,-0.00023269551,-0.0002271967,-0.00016971628,-0.0004954874,-0.000242609,-0.00020485434,0.00021651323,-0.00015517256,5.7028694e-05,8.9810055e-06,0.0003111774,1.4081568e-05,0.00029873924,0.99936855,0.00078343815,-0.00035048916,-0.0004871893,0.0024626579
0.71064997,0.22551559,0.5055172,0.91173446,0.9686346,0.21792762,0.9683922,0.39303836,0.0800662,0.86965525,0.8987969,0.8719531,0.9999998,0.502978,0.19103307,0.14254583,-0.00063323515,0.0015916296,0.000501512,0.0005890975,-0.00025372906,0.00014820835,-7.842522e-06,-0.00017769675,-2.5500638e-05,-0.0005412922,-0.00039437503,-0.00012236847,2.6307069e-05,-9.656414e-05,0.0028585077,0.00022789274,-0.00024787747,0.00010348974,0.9998687,0.00012774042,-0.00015159104,-0.00026965642,-0.0006833122,-0.00024493993,0.00026782768,5.3780146e-05,-0.00020920025,-5.4684642e-05,0.00022651625,9.949357e-05,-4.3589956e-05,0.00012105354,-0.00029780297,-0.0003876688,-8.028113e-05,0.013393182,-0.0012471473,0.000120605284,0.00033466588,-0.004702759
0.61248267,0.26235288,0.48127872,0.8951796,0.26056036,0.1968785,0.2691902,0.31091985,0.058466364,0.881837,0.9223859,0.88474107,0.9999792,0.29764068,-0.015553235,0.035340194,-0.0009467429,8.353195e-05,-0.00044570162,-0.00030726392,-0.00044996827,0.00037068976,-2.9494884e-05,-0.00031822347,-0.0004600349,-0.00027238647,6.3888525e-05,0.00032166447,0.00021645598,3.840511e-05,0.0034764183,0.00022822991,-0.00039108895,7.209362e-05,0.99927294,9.8670505e-05,0.0001483878,-0.00018797016,-0.00039715404,-0.0003986245,0.00022750953,0.00029777468,0.00034164762,-0.00032993214,0.00031691906,0.00016089229,-2.6430425e-05,0.00060893514,-0.00014961942,-0.0003684938,-7.255615e-05,0.0072600367,-0.00037184262,-0.00026028138,-0.00028878095,-0.0012848724
0.2312933,0.3471566,0.42800975,0.7925804,0.13444278,0.76529074,0.12309931,0.2431169,0.07573227,0.9516092,0.98986953,0.9518564,-0.004262212,0.0033785389,-0.003541994,0.00024547474,-0.0010318388,-0.0016852049,-0.00050643546,-2.7112837e-06,-0.00019192704,-0.000107383734,-0.00010877615,-1.0399061e-05,-0.00012703058,4.2007057e-05,-1.192568e-05,-8.821413e-05,0.00018811808,9.109249e-05,0.0030552775,7.440422e-05,-0.000110053465,3.0190422e-06,-0.0003744336,8.5428255e-05,-0.0001795812,-2.1134765e-06,-0.00023434503,5.049153e-05,-0.00013505864,0.00010746144,-8.200953e-05,5.0038623e-05,1.34972215e-05,-7.515843e-05,-1.7831655e-05,0.00030100954,1.8405946e-05,-0.00022834474,-0.00015831551,0.0045187017,0.9989795,2.3631423e-05,-0.00020819416,0.9962482
0.554536,0.18461989,0.3672752,0.6702928,0.20907551,0.26989192,0.22432525,0.26588565,0.043819163,0.9154242,0.9504098,0.9167029,0.9979046,-0.0012329941,0.000637277,0.042819317,9.873582e-05,-0.000730645,-0.00067843817,0.00041618742,-0.00016477912,-0.00060386193,-0.00018304403,0.00020183706,-1.2087017e-05,0.00059095974,-0.00049585063,3.1600997e-05,-0.00023521626,3.9619525e-05,0.001034862,-0.00020095699,4.448383e-05,-0.00018394098,-0.0012354843,3.632975e-05,-0.00026602042,-0.00014439633,-0.00016738554,-0.00023507673,-3.701409e-05,9.694093e-05,-5.8700447e-05,9.6341595e-05,-0.00016976292,-7.5559095e-05,-0.00016315289,-1.599958e-05,2.3352535e-05,4.119554e-05,-3.039304e-06,0.98976624,-0.0011382776,0.00043325507,9.400632e-06,0.009920133
0.69447017,0.35869157,0.49659753,0.91641337,0.9206881,0.22390638,0.91708905,0.610268,0.07159429,0.85888165,0.9013977,0.8628715,0.99999994,0.49046093,0.19271258,0.29054582,-0.00303603,-0.0013361167,0.0010636739,0.0005497494,0.00012760254,0.00030218484,-0.0003118154,-0.00016355954,7.663305e-05,0.0003759679,-0.00022592377,-0.00075758994,-0.00020567587,-4.788881e-05,0.0103560835,5.5307646e-05,0.00028242546,-2.5027111e-05,0.9999815,-4.2832922e-05,-5.1780764e-05,0.00017981396,-0.00075761246,-0.00019639553,-1.9879662e-06,-0.00031700087,-0.00022493751,-0.00038593542,-0.00077859126,-0.00041523192,0.00014086186,-0.0005272667,0.0003131175,-8.198083e-06,-0.0003203592,-0.009794176,0.0093415845,-3.7879392e-05,4.606644e-05,-0.008382983
0.61001587,0.42593256,0.26432428,0.45029888,0.1513655,0.4408947,0.12535648,0.3226096,0.11050374,0.9191953,0.9502059,0.92354023,0.99835664,0.48536703,0.016684193,0.19771083,0.07383528,0.11446648,0.15208225,0.0009864495,-0.0009448572,-0.0013700653,0.0004217675,0.0011841162,0.0004888129,0.0010194208,-3.0518277e-06,-0.001479208,0.0009842674,-0.00031075772,-0.002571715,-0.000102623875,-0.0003968918,0.00017415824,0.9996302,0.00044586076,-0.00086943444,-0.0008797672,3.1043164e-05,0.0004013312,0.0003806543,6.08825e-05,5.513194e-05,-0.00043313875,0.00076350954,0.0002987943,0.00032804493,-0.0010746538,-4.0420186e-05,-0.0006473418,-0.0001876882,0.0044165077,0.9990933,0.0009094189,-0.0022965518,-0.0015165869
0.22239935,0.22827733,0.28228596,0.52242446,0.08651841,0.2987707,0.08729225,0.20349135,0.075876296,0.96142286,0.99099606,0.96140224,0.00015680213,0.3750693,0.000994802,7.069425e-05,-0.0011772923,-0.000947677,0.0013987874,-6.030861e-05,-0.00016816323,0.00015425682,-0.00016556821,5.362487e-05,7.6201555e-05,-5.468988e-06,-6.688811e-05,-2.53068e-05,-1.2994977e-05,0.0001009197,0.0008129336,0.00013856059,-4.4312932e-05,0.000114556125,0.00062585424,7.285876e-05,-9.698287e-05,-0.00014175591,-0.00018425,-0.00012310332,-1.5836064e-05,4.9725328e-05,-0.000134826,-3.6388345e-05,3.3856486e-06,-0.0001852419,-5.5067954e-05,0.00012996055,6.9866335e-05,-0.00013445469,-1.6460535e-05,0.00011340901,0.9988987,-0.00011154823,-0.00032211337,0.9997881
0.6143116,0.3012487,0.4988238,0.9056162,0.6200416,0.3441702,0.6101928,0.4417049,0.09029852,0.8761835,0.9204478,0.8708359,0.99998814,0.07085108,0.32685167,0.39304486,0.001607431,0.0017500807,0.0013552423,0.0001240298,-0.00022964137,-0.00030377507,-0.00015711045,0.0001542439,2.5683956e-05,-7.6597484e-05,-0.00052109326,-0.00016043213,0.000117244635,4.3150532e-05,0.0049321014,0.00012684686,0.00021771083,7.716195e-05,0.99806386,2.9296807e-06,-0.00012680396,7.3369476e-05,-0.00055849366,-0.0002718611,-0.00032139733,0.00018221447,3.730692e-05,-0.00021107959,4.773657e-05,-0.00011928684,0.00016527728,-6.9652364e-05,0.00018853923,-0.00014829813,-0.00033343927,-0.004519702,0.0060508326,0.0003133401,-4.880786e-05,-0.006806125
0.65952295,0.43973637,0.27402276,0.5076827,0.118874975,0.9611584,0.1315804,0.36466366,0.07717371,0.924038,0.9628036,0.91467714,0.99255866,0.0037878677,0.08093352,0.005039992,0.12554789,-0.0029630037,0.13136165,-0.00011066056,5.402253e-06,0.0004219706,-0.00032824627,0.0003965724,-0.00036538733,-0.000102618884,0.00040196077,-0.00015794442,-0.00016034706,-0.0005326093,0.0004827296,1.7637267e-05,0.00018025422,6.914248e-05,0.9989176,0.0002972968,-7.335603e-05,-0.00014096803,-0.00042343675,0.0005960232,-0.0007432939,2.3170209e-05,-5.411422e-05,-0.00031379284,-0.0006083416,0.0002594254,-1.8703679e-05,0.0005002753,-1.4501216e-05,3.873394e-05,0.00046580491,0.0013229578,0.99980426,-0.00028156093,-0.0005713773,0.000689024
0.1973683,0.2698168,0.31628394,0.60634506,0.10091086,0.643487,0.093071915,0.16677652,0.07556668,0.95012116,0.98628646,0.9511739,0.001965115,-0.002146557,0.0010885106,0.00020462647,-0.00043579028,-0.00079945504,0.00100326,5.0617935e-05,-0.00014805168,-2.917106e-06,-0.00014459676,0.00014494042,-0.00012910951,9.917974e-06,5.8356614e-05,-0.0002869747,-3.26827e-05,2.9567562e-05,-0.00034869183,0.00017194131,-9.155777e-05,4.229769e-05,-0.0005646254,3.193656e-06,-9.560377e-05,-2.373262e-05,-0.00012105747,-3.964809e-05,-0.000103080674,1.9130262e-05,-6.444499e-05,-6.438361e-05,4.5282184e-05,-0.00012910529,3.840275e-05,5.384809e-06,0.00012477898,-0.00015277084,-0.00020084028,0.9995754,-0.0009097726,-0.0001768574,0.0002200228,0.99699837
0.67427135,0.3569986,0.1409523,0.25609267,0.07155635,0.53872716,0.07788657,0.9728564,0.08225711,0.93096066,0.946005,0.94017255,0.99997354,0.50824314,0.04136973,0.18322964,0.22936442,0.18121293,0.36212367,0.0021569417,0.00028736214,0.0014367449,0.00025857915,0.0005654153,0.0012254376,0.0015222359,0.001236788,-0.00045823707,0.00073338096,-0.0014998848,0.003838825,-0.00024149758,0.0022332473,-0.0009404173,0.9999802,0.00087071257,-0.0020515567,-0.00068485853,-0.0012556054,-0.0014872985,-0.001148416,0.00048071746,0.0010048612,0.0010115707,-0.0017182577,0.00036529358,0.00014335666,-0.0010157581,-0.0007057516,-0.000502704,0.00047526523,-0.007831516,0.99987507,0.0004886614,-0.0015207467,-0.029003015
0.22449192,0.33618894,0.32268456,0.60695106,0.100989155,0.7386713,0.09570535,0.25541073,0.07474803,0.95544225,0.9897188,0.9564716,-0.008817524,0.00070381875,-0.001492906,-1.989433e-05,-0.0016359057,-0.0015528597,-0.00011129411,4.810041e-05,-0.00021575196,0.00018496416,-0.0001766262,6.3600935e-05,-6.3504267e-06,-1.3632394e-05,4.518719e-06,-0.00012875583,9.800412e-05,5.015407e-05,0.0014838892,0.00015383036,-9.789656e-05,2.391894e-05,0.00027725467,9.150678e-05,-8.773693e-05,-1.0998236e-05,-0.00030621467,-0.00017155774,1.0054791e-05,-3.9879844e-05,-0.00013943543,5.0268718e-05,3.4965808e-05,-0.000157768,-2.583403e-05,0.00013527708,2.0569569e-06,-0.00022432765,-5.678698e-05,-0.0015774487,0.99928874,-0.00010141125,-0.00017671732,0.99778056
0.68003356,0.21678722,0.49512085,0.9065531,0.8019363,0.20762293,0.8005948,0.4506005,0.08736814,0.8688402,0.90565145,0.8680978,0.9999921,-0.00094652496,0.0003464491,6.7793415e-05,-0.0014028519,5.108537e-06,0.00011358388,-0.00010935357,-0.0002793682,-4.1532796e-05,-9.33838e-05,6.899366e-05,-0.0001352524,-0.00017722107,-9.880612e-06,2.1234184e-05,-1.0044489e-05,0.00033760478,0.0025475565,8.626735e-05,-0.00044353097,0.00015109622,-0.0013737913,0.0002048615,6.7875226e-05,-3.353617e-05,-0.0005194462,-6.5683074e-05,0.0002717259,7.273349e-05,8.05172e-05,-0.00016899596,0.00010717646,-0.00026313445,0.00017148146,-2.402088e-05,-0.00026377887,-0.00019231637,-0.0003738166,0.9876221,-0.0031142656,-0.00016761513,0.00030060194,-0.0013860418
0.6130192,0.2634768,0.5280619,0.92521137,0.4535358,0.23820946,0.46174577,0.36162505,0.07931505,0.8772441,0.91596395,0.86920434,0.999983,0.71271205,0.17652638,0.23300205,0.0011649166,-0.0023436642,-0.00045578936,-0.000115409784,-0.00019198752,0.00015599467,-0.00026171227,0.0003295536,-0.00011755912,0.00036102164,2.313206e-05,0.00023741336,-0.00038848724,0.000113556904,0.0021373185,6.668767e-05,-4.62908e-05,-5.756381e-05,0.0005933541,3.4858153e-05,0.00015941172,-5.6734454e-05,6.178202e-05,4.95419e-05,-0.00023583385,-0.000114372066,-0.00029595036,-0.00038032368,0.00037142172,-0.00019312378,9.329546e-05,-0.00017311519,0.0005327396,5.7058525e-05,-1.4667317e-05,0.9986944,0.0021796317,-0.00027276383,-0.00029998313,0.0091059245
0.59755665,0.12145074,0.49985272,0.9263785,0.35174188,0.28343815,0.35289988,0.55667746,0.078450866,0.86649853,0.90572095,0.87404686,0.99999994,0.48109087,0.21087909,0.0063580624,0.0021065439,0.0139313135,0.0032512082,-0.00020875817,-9.956752e-05,0.00043594008,-0.00020175455,2.090339e-05,2.718385e-06,-0.00026713434,0.0011268718,-0.000412038,-0.0002586389,0.0002586083,-0.0076375655,-5.1694977e-05,0.00019598225,6.6113134e-06,0.99999696,-0.00024163802,-0.00013603232,-0.00014950467,-0.0001512052,0.0010301429,-0.00019289722,0.00028452487,-5.5374112e-05,-0.00024144253,0.00043648088,-0.000199176,0.00013241875,0.00025885412,0.00014675979,-0.00022886906,-0.0003795265,-0.00046376509,0.0019370125,-0.0012037676,0.0007290265,0.010714114
0.6874474,-0.03499912,0.5087377,0.9208574,0.62438864,0.13254252,0.62365043,0.15841146,0.07544764,0.88179874,0.9170131,0.8864532,0.999999,0.22841266,0.11548126,0.0002700045,0.0011642997,0.00281333,0.00024210943,6.749749e-05,-8.273643e-05,4.6963803e-05,-6.344806e-05,-1.2328383e-06,-2.8367649e-05,0.0001993477,-0.00021843793,-0.00022956461,-0.00015327227,-0.00022919115,0.0018122009,0.00018283138,1.6284837e-05,4.6880305e-05,0.999952,-1.5744326e-05,-0.00020968434,-0.000153326,2.190136e-05,-0.00023759011,-0.00013937918,0.0001271187,-0.00016101082,4.5065186e-05,0.00017461361,-0.00014511049,-9.1598995e-05,-9.012155e-05,9.439206e-05,-9.848534e-05,0.00016923362,-0.0016421754,0.0010058744,-5.613637e-05,-4.753862e-05,-0.005113518
0.20761448,0.22642516,0.099892914,0.20280103,0.02168142,0.2785442,0.034143716,0.19179456,0.07554266,0.97343105,0.99588424,0.97629946,0.00742057,0.11836904,-0.0026539636,0.09092829,0.00028769,0.3111996,0.24344721,0.00010788304,-0.00013057841,0.0003166747,-1.33764115e-05,-0.00025109146,0.00022125882,0.00035488248,-0.00041559731,0.00021415859,-0.00021279664,0.0002400136,0.0014334586,-0.00016235984,0.00039041048,3.0386625e-05,0.003902953,-0.00023876998,-3.0942494e-05,-9.841075e-05,-0.0005749584,-0.00053858315,0.00010427521,5.2663447e-05,-0.00012400447,-0.0002900262,9.409664e-05,-0.00015831534,-0.00027069292,8.986186e-05,-0.00014435037,2.0191364e-05,0.0005379027,-0.0041150246,0.99924564,-8.58267e-05,-0.00042888077,0.99995863
0.6452821,0.36129895,0.2940647,0.5360809,0.19304569,0.119667694,0.20398366,0.4062084,0.06760596,0.914982,0.9508996,0.9149076,0.9976494,-0.0010970351,0.19455175,0.23634885,0.2854002,0.3424026,0.54170346,-5.5430282e-05,-0.0006604486,-0.0001610831,-0.000256586,0.0004397706,-0.000115800634,4.2621366e-05,-0.0011084635,0.00074375526,-0.00019541671,6.6685054e-05,-0.0010197397,0.00021875913,-0.00066568056,-4.6018395e-06,0.9967015,0.000114654526,0.00060140615,-4.2093925e-05,0.00084051996,-0.0009863874,-4.1002146e-05,-0.00013272562,-0.00047915278,-0.000116742594,0.00091181166,-0.0006065805,8.4907515e-06,-0.00045374726,0.00034303922,-6.5574946e-05,0.00029146933,-0.008588281,-0.008911653,-3.4977566e-06,0.00072942243,0.0017718077
0.20136526,0.33391783,0.22382481,0.4230301,0.071447514,0.4310773,0.061078046,0.29883584,0.071233936,0.96546745,0.99468595,0.9676923,0.015021628,-0.00382447,0.00016766577,0.09583051,0.0009772618,0.45143774,0.3611388,0.0001392447,-8.0340134e-05,4.9562455e-05,-0.0002329993,6.44345e-05,9.7646625e-05,-2.319536e-05,-0.00047593252,3.0619005e-05,-0.000105912186,0.0003908963,0.90176773,-0.00010371511,0.00021538939,0.00032624835,-0.00028069748,-0.00054050755,0.0002274529,0.0004044804,-0.00078703574,-0.0006025594,0.00022908815,-0.00032214948,-0.00017369556,-0.00045779112,4.5928347e-05,-0.00019256202,-0.00010138612,-0.00012770487,6.966395e-05,9.253505e-06,0.00014985794,0.99518824,-0.0004282356,-0.00024356064,-5.7945865e-05,0.99973255
0.6502441,0.19074577,0.5006407,0.9141169,0.6697605,0.28856924,0.6655123,0.41426194,0.09904824,0.8746545,0.913674,0.8750668,0.9999981,-0.002725816,0.00014579424,0.0020558431,0.000633325,-2.4313107e-05,0.0009336711,8.434454e-05,-0.0001539084,-0.00020151108,-0.00014997175,9.5314244e-05,-3.5951503e-05,0.0003631606,-0.00027936327,-0.00024595714,-0.00016792226,0.00017746206,-0.00033071823,-2.5779958e-05,1.6074722e-05,-0.00019426263,0.99764925,5.1728537e-05,-0.0002334801,-6.750187e-05,-0.00018293303,2.562543e-05,-8.242838e-05,9.533354e-06,8.058248e-05,-9.895161e-05,2.9239367e-05,-0.00028247904,-5.6715784e-05,-0.00011905946,-7.4742784e-05,-2.9984396e-05,-1.7753804e-05,0.0038801553,0.0020921899,7.097749e-05,0.0002292521,-0.0039175865
0.17330377,0.38665426,0.10083461,0.1911078,0.030662242,0.36702427,0.033755742,0.1959484,0.04612067,0.9574859,0.990315,0.9619978,0.0183045,0.2952103,0.000907109,0.00957537,0.0022258263,0.24707761,0.19237928,0.00050185045,-8.129544e-06,0.0002249165,-0.00021417315,-0.00020927362,0.00015984444,0.00024263968,-0.0004641769,3.615598e-06,-0.0003653571,0.00018619082,0.9791148,-0.00013994069,0.00014486976,0.00011648172,-0.00016959402,-0.0005688181,0.000176498,0.00013463432,-0.00056063785,-0.00049297593,0.00010997508,-0.00021114209,-6.392517e-05,-0.00073808234,4.158003e-05,3.8999755e-05,-3.0861105e-05,-0.0002200859,5.3186493e-05,0.00010669153,0.00016249671,0.999563,-0.0048827464,-0.0001639814,0.00017580262,0.9965052
0.6525671,0.34842065,0.40154728,0.68998086,0.20411739,0.37806872,0.20454037,0.77533305,0.10603379,0.92964876,0.9387758,0.92487043,0.99989694,0.29972523,0.20771797,0.22709228,0.01266996,0.16728425,0.12687968,0.00070378673,-0.00043457525,-0.0019145643,0.0004963767,0.0013509708,-0.00062523247,0.0006082884,-0.0010025545,-0.0008399197,-0.0008762275,0.00030052516,-0.00064065296,-2.6226753e-05,-0.00076336437,-0.0005340643,0.9999551,0.0007713363,-0.00040480416,-0.000825925,-0.0004320701,4.3305743e-05,0.0002844057,0.0001598665,0.00014700554,-0.0004592414,0.001953282,0.000106930005,0.00048032732,-0.0006809537,0.00044154457,0.00015139783,-4.4709795e-06,-0.0026779298,0.9994945,0.00041499556,0.00015281863,0.012163031
0.6595237,0.403149,0.48822817,0.89308876,0.41791698,0.3592663,0.3820344,0.24142668,0.14186221,0.90139204,0.94167465,0.89435226,0.9999477,0.2756586,0.16021603,0.1830171,0.08988293,0.3091791,0.3093112,-0.0007385658,-0.00030595454,-0.0021168091,0.00023129456,-0.00040801853,3.3364704e-06,-0.00075868267,-4.0780287e-07,-0.00010345859,-4.6821107e-05,0.001523559,1.27395615e-05,-5.416336e-05,-0.0012273934,0.0015418561,0.99806845,-0.0013069018,-0.00046766657,-0.0010136312,0.0011569266,0.0010734573,0.0008248712,0.00011274698,-0.0011743066,-0.00050041557,0.00071966904,0.0005930621,-0.00014083511,0.00049552793,0.0015640532,-0.00028523913,-0.00040051152,-0.015234326,0.9619873,-0.00033674395,0.0013204793,-0.0028217975
0.19464874,0.20341504,0.3610703,0.6775935,0.119652495,0.6726282,0.11703149,0.11039362,0.06888173,0.9458555,0.98686177,0.9471267,-0.0076989904,-0.0015984271,-0.0010841476,0.0010502555,0.00094727,0.0012517045,-0.0012434988,4.5928755e-06,-0.00015325061,-0.0005797513,0.00024070534,-8.484785e-06,0.00029744973,0.00014409612,-0.00048951217,-0.00035688817,0.00037724504,-0.00052027625,0.00050396466,0.0006962887,0.00017781803,7.242063e-05,0.003152298,2.6665148e-06,-0.0005681386,-0.00071783067,-0.00047410713,7.4971846e-05,0.00026007715,0.00023773052,-0.0009239872,0.00027287932,-0.00049559266,-0.00022155535,-0.0005254342,3.665949e-05,-0.00061525445,-0.0004321412,0.0007234279,0.9999758,-0.0015142154,0.0008614045,0.00022532034,0.9989665
0.61471176,0.28034508,0.5137315,0.9387608,0.5641717,0.4040729,0.57799715,0.4062468,0.099338494,0.86765254,0.8987539,0.854064,0.99999976,0.59688926,0.18286008,0.20601425,-0.0003237299,-0.005195857,0.0006285824,-0.00016946963,-0.00016598421,0.00016400346,-0.00031781622,0.0006424807,-0.00023278852,0.00055189885,-0.00015368844,0.000366888,-0.0005597531,9.989936e-05,-0.0018365246,-0.00031338874,0.00023875409,-0.0003014374,0.00082431757,0.00011668725,7.930762e-05,6.925108e-05,0.00026268963,-0.00019670531,-0.0004837359,-0.0004554001,-0.00022200323,-0.00048183269,0.0002745972,-0.00018006467,-0.00019792096,0.00028956644,0.0005521754,0.00018895016,0.0003853224,0.99996156,0.0029977055,-0.00027818285,-0.0003604312,0.006895129
0.63266635,0.2618735,0.0694919,0.14993736,0.048016015,0.06437619,0.060567904,0.31480804,0.024787102,0.9093634,0.94634056,0.90446305,0.9996306,0.26486975,0.0023224484,-0.004135601,0.0014257124,0.0009042616,0.0017184966,-6.826842e-05,-0.00028814445,0.00049136835,0.00023685627,0.00024403638,-0.00039506346,-1.822735e-05,0.00016378784,-8.055827e-05,-0.00015896969,0.00029699362,0.0019592317,-0.0002674236,0.00014542823,-0.00045344463,0.999946,0.00019646679,0.00018278125,-9.007435e-05,-0.00088120706,0.0006083769,-0.0002484409,-0.00017529674,0.0001150484,-0.00085271604,-7.699529e-05,-6.319121e-05,1.3920217e-06,0.00042764927,-0.00075883005,-8.679548e-05,0.00043752202,0.0046043647,0.0031100472,-0.0003406963,6.9505004e-05,-0.0074014226
0.22644249,0.32161644,0.2886797,0.53062737,0.093458265,0.7007959,0.08660124,0.2667794,0.07613929,0.9494144,0.9858459,0.9507769,-0.009575388,-0.00093128014,-0.0002408399,0.00045445721,-0.0012593409,-0.0004980887,5.2520016e-05,0.00010561169,-0.00019542908,0.00025865558,-0.000114749615,3.4064666e-05,-7.995026e-06,-7.3649426e-06,9.7032025e-06,-0.00023470129,8.5061474e-05,6.71292e-06,0.0012555199,0.00012745347,-0.00019638703,-1.0524396e-05,0.003946899,3.1170784e-05,-6.290226e-05,1.8291612e-06,-0.00016496507,-0.00016306617,-9.0280664e-05,-3.09604e-05,-0.00013161401,-4.2243395e-05,-1.22851925e-05,-0.0002661625,4.1063642e-05,8.189662e-05,8.468443e-05,-0.0002067042,2.7039148e-05,-0.0025244525,0.99879247,-0.00014841807,4.2350577e-05,0.9914799
0.62563753,0.116347976,0.50050163,0.90746605,0.78670526,0.48668143,0.79440236,0.38693115,0.12086676,0.8722707,0.9055611,0.8562614,0.99999756,0.16598432,-0.0006580865,0.14145972,-0.0010396712,-0.002628085,0.0006743608,-0.0001911298,-0.00026112734,-0.0001653372,-7.467987e-05,0.0004860926,-0.000121097764,0.0005077231,-8.9241716e-05,6.0500606e-05,-0.00019074025,-0.000103622166,0.00043974674,-0.00023169185,1.7578444e-05,-0.0005203182,0.002535894,0.00034240822,-0.0002952772,-0.00016249322,0.00021999626,0.0002684003,-0.000502448,0.00041669817,0.00019161854,-0.00042195714,0.0002749078,-0.00022295093,-5.8999736e-05,0.00022521662,0.00023067059,8.398702e-05,-2.1462298e-05,0.99448717,0.0010415443,-0.00035863623,0.00034870577,-0.0030441303
0.62520707,0.20962651,0.5135001,0.92316324,0.51550627,0.25257242,0.51726526,0.32684442,0.08253474,0.8764876,0.912665,0.869716,0.99998504,0.31270567,0.08033039,0.15818413,-0.00025596572,-0.001517605,-0.0016669481,-0.00015193995,-0.00021723055,-5.5495824e-05,-0.00015421909,0.00019388643,-0.00022181972,0.0001869587,0.00011453785,7.6692086e-05,-0.00018509864,0.00013683313,0.0012404573,4.5645927e-05,-0.00023035001,-5.5458877e-05,0.0033792157,0.00011073376,-4.846428e-05,-4.064718e-05,-7.55135e-05,0.00014297561,-0.0001383193,0.00012895107,4.0453015e-05,-0.00016186162,0.00030047708,-0.00011486697,0.00011020504,9.0366404e-05,0.00029621975,-4.0823477e-05,-0.00031719127,0.9995172,0.001373937,-0.0002723419,-7.944754e-05,0.0036011275
0.7012268,0.39947444,0.55135417,0.93736076,0.3047829,0.44952208,0.3092622,0.73147905,0.13033405,0.9333666,0.9482273,0.9321694,0.99999994,0.32347763,0.2171027,0.29006523,0.04222144,0.1795253,0.16093138,0.0011528262,-0.00048905896,-0.0026481987,0.00045631276,0.0016098046,-0.00037006687,0.000993719,-0.0014042377,-0.00040572404,-0.0009540865,5.163187e-05,-0.00039834713,4.9124432e-05,-0.0012315568,0.00029452413,0.999969,0.00082198094,-0.0005651964,-0.001077685,-0.00016779607,-0.0002715127,0.0008999498,-0.0008905694,-0.0007117612,-0.00013311901,0.001950944,0.00016226814,0.00047784336,-0.00094889116,0.00092581986,0.00015551015,4.786949e-06,0.0034084616,0.9996868,0.0009450117,-0.00036840976,0.0043970267
0.62960577,0.44168046,0.10818407,0.173593,0.07994908,0.4213806,0.057699293,0.39530253,0.109760165,0.9173924,0.9480473,0.9187612,0.9990544,0.47787356,0.019078352,0.16196609,0.07195158,0.122246034,0.1589805,0.0011028686,-0.00097410264,-0.0010115801,0.00028147647,0.0011008291,0.00039332182,0.0008950087,0.00031137042,-0.0015865245,0.0008540653,-6.555738e-05,-0.00210499,-0.00039763155,-0.00031298542,6.89781e-05,0.9998487,0.0004492248,-0.00071694975,-0.00092569506,0.00018821468,0.00087408617,0.000103961414,8.555082e-05,2.1382788e-05,-0.0005981486,0.00047538386,0.00045157268,0.0004569729,-0.00093077926,-0.0003943983,-0.00058507273,-0.00022339069,0.0064303363,0.99965733,0.00088994886,-0.0025131924,-0.012746387
0.5881045,0.27433103,0.49309736,0.92878467,0.38830724,0.32364026,0.38767648,0.79506767,0.078454025,0.8620138,0.8965943,0.8539952,0.99999994,0.2940699,0.22586535,0.15588668,-0.0006987498,0.023006855,0.010617597,4.1246545e-05,-6.191371e-05,0.0014154466,-2.1034095e-05,-0.00042092655,-0.000420275,-0.00056532654,0.0014947245,-0.0008901532,-0.00071354944,0.00045470867,-0.008892646,-7.656912e-05,0.00023098459,-0.00014297977,0.9999088,-0.00019912925,0.0001165407,5.087393e-06,-0.00041303565,0.0014532043,-0.00027685647,5.3010874e-05,5.6186254e-05,-0.00031052288,0.00076073094,-0.00013595687,0.00015139548,0.0004653889,-0.00014428487,-0.000102072416,-0.00034871636,0.0045061554,3.687525e-05,-0.0015230189,0.00044587304,0.003509129
0.6458719,0.46381882,0.3431911,0.60373473,0.1840053,0.57049835,0.17579983,0.37130973,0.10718727,0.9452189,0.9758425,0.9311044,0.9982707,0.32590386,0.13494232,0.1776706,0.121936865,0.3162245,0.36476642,-0.0006092699,-0.00026534742,-0.00097003503,-0.0006398997,-0.0003362009,-0.00025762536,-0.0008975464,7.366089e-05,0.00022928443,-0.00010271926,0.0010709958,0.0126656145,1.1900713e-05,-0.00090745004,0.0011369172,0.9846358,-0.0006223302,0.00020853349,-0.00010759858,-0.00030670318,0.0013524385,0.00018301132,-2.9254332e-05,-0.0004009949,-0.0013775815,7.530456e-05,0.0003732332,0.00034853542,0.00023113925,0.0016482311,-0.00012994886,-0.0009023654,-0.04173512,0.99845433,-0.0007749375,0.0016156213,0.005203401
0.19716632,0.33668324,0.46161965,0.8331743,0.14569607,0.47895014,0.13477749,0.2658388,0.06615704,0.9569646,0.9912957,0.956938,0.0051702126,-0.0009415878,0.0014016036,0.00041804448,0.001137698,-0.00076113647,0.00058242783,0.00025995978,-6.439835e-05,-0.00029341452,-0.00015108523,0.00015246228,-0.00031700992,-6.47167e-05,-0.00017615754,-7.988213e-05,-0.00016242682,0.00024574914,0.006037058,1.9015137e-05,-0.00022110705,0.00015427535,-0.0022826768,-0.00011114923,6.714939e-05,0.00025418465,-0.00023923576,0.00012918867,-0.00015921483,-0.00015015641,3.4232362e-05,-0.00040695103,0.00010441209,5.2327716e-05,0.00019514609,-2.6520214e-05,6.9085916e-05,-3.691105e-05,-0.00044648934,0.9706527,0.0015662239,1.0857126e-05,0.000107937805,0.99867475
0.6747722,0.24034336,0.45870408,0.8362849,0.21273346,0.08999671,0.22993657,0.21108918,0.029637119,0.9073174,0.949018,0.9111921,0.99997425,0.6282513,-0.0010474685,-0.00104338,0.00014159648,0.0016160764,-0.006128358,0.0007785698,-5.289528e-05,-6.7119865e-05,0.00010962492,-0.00038691825,3.9624865e-07,0.0003315655,-0.0006735893,0.00013561567,-0.0004860328,0.00039526584,0.0015065761,4.082296e-06,-0.00044146524,-8.015601e-05,0.006041711,-0.00025224008,1.879991e-06,0.00027355086,-0.00086724095,-0.00047239923,0.0005185168,-0.0002628017,-0.0002225478,0.00056971796,-0.00018156233,-0.0007568752,-0.0003711457,-0.00018216547,-0.0002929927,9.246878e-05,0.00044122417,0.99804777,-0.0024412486,0.00029614472,-0.00040898568,0.006645386
0.6429914,-0.017233193,0.50281876,0.92391133,0.735235,0.34169328,0.73662746,0.13643475,0.10476832,0.8802633,0.90875304,0.8808992,0.99999994,0.48246524,0.014383559,0.25416368,-0.0029712825,0.0016597343,0.0031469564,-0.000163575,-2.7930364e-05,0.00046308685,1.8595747e-05,5.8701553e-06,-0.00030573382,0.00019887336,0.00012422576,-0.00022346884,-0.000549319,7.809556e-05,-0.0009269274,8.957066e-05,-0.00014763864,-0.0001232664,0.9999814,-0.0001195441,4.016474e-05,9.064736e-05,0.0003539855,-0.00034572755,-0.0002281567,-1.678836e-05,6.0546794e-05,0.00012811803,4.8286573e-05,-0.00023501315,-0.00017845818,0.00011301272,-0.00030296488,6.8682595e-05,0.00018143919,0.0038634234,-0.0018261111,-0.00019132555,-1.2952682e-05,-0.0014019692
0.60357404,0.21632753,0.29364008,0.5386739,0.15620986,0.13661689,0.16390759,0.26137093,0.03087448,0.9138202,0.95074046,0.9172858,0.9990682,0.27049723,-0.00037384927,-0.00011441193,-0.0022021164,-0.0012913272,0.0016652778,-0.00014765334,-0.00029841962,-3.4752942e-05,-6.2250256e-05,0.00011186738,-0.0002249444,0.0001899721,-0.00021089044,-4.4250133e-05,4.6387286e-05,7.836927e-05,0.0019555117,4.750683e-05,-0.00025601566,-0.00017385511,0.9991787,0.0001862878,-3.794572e-05,-0.00018554005,-0.00032004254,-9.7979e-05,-7.296812e-05,3.7401478e-05,0.00016463056,-0.00033554385,6.031673e-05,-5.6535795e-05,-7.154832e-05,0.00014644902,-0.00013103805,-0.0001539359,0.00018598224,0.0016298876,0.0003419926,-4.8845977e-05,-5.693394e-05,0.004449515
0.22330014,0.1238667,0.16069575,0.31060782,0.050437998,0.5619749,0.04559853,0.18921314,0.07430778,0.9673961,0.99626046,0.9696635,0.0063511315,0.15975802,0.0016979446,0.0941243,0.00047769962,0.32713476,0.25764146,0.00021413206,-0.00010639665,0.0001625953,-5.3825177e-05,4.6853893e-05,0.00030284637,0.00030989788,-0.00024050746,-9.79975e-05,-7.0433394e-05,7.9467194e-05,-0.0007254052,-4.541782e-05,4.905306e-05,5.8506164e-05,-0.00302184,-0.00016331606,-8.1443504e-05,-0.00027144016,-0.0006429512,-0.00042320107,0.00026111744,-5.8475292e-05,-0.00028772344,-0.00048331378,4.7781505e-05,-0.00017063196,-0.00013323095,-0.0002779793,4.249991e-05,-9.459481e-05,0.00039542923,0.00993774,0.99991894,-0.00016594364,0.0003450322,0.9994264
0.63317645,0.26219097,0.5256571,0.92092323,0.70294654,0.29067418,0.7097178,0.4313194,0.099037364,0.8772785,0.9139323,0.8699094,0.99999267,0.67297685,0.18015416,0.23807298,0.0008240521,-0.0030740106,-0.00261427,-0.00014255903,-0.00027447124,2.1510117e-05,-0.00022210984,0.00035203143,-5.8479796e-05,0.0005047585,-0.00013378012,0.00021819785,-0.00030058497,2.1610294e-05,0.0024230764,5.899015e-05,5.0336814e-05,-0.000118164884,-0.0006083125,0.00019129956,4.0805637e-05,-7.976452e-05,-4.4914545e-05,-5.220143e-05,-0.00020054072,-6.0236103e-05,-0.0002699841,-0.00033849815,0.00046446724,-0.00029567874,0.00010087479,-0.00017706183,0.00057563273,4.9754453e-06,-5.7993348e-05,0.99934536,0.003229817,-0.00020528593,-0.00014427508,0.005456701
0.21890093,0.18859759,0.16441503,0.31157628,0.05768546,0.68234086,0.044985913,0.1685895,0.08485824,0.8774036,0.93799835,0.87498015,-0.010161307,0.2813073,-0.00096115406,0.05537168,0.0035004506,0.24508262,0.19152562,-0.00029025634,-0.0002933744,-0.000688513,0.00020626928,-0.00010188404,-4.903697e-06,-4.7237118e-06,-0.00048540023,-8.7211316e-05,0.0003844684,-3.6959464e-05,0.0042585596,0.0006543193,-2.6661095e-05,0.00010425852,0.001750595,-0.00026541925,-0.0002696111,-0.0004239876,-0.0004966432,0.0003013783,0.00048522028,0.00021546875,-0.00086665933,-0.00011054316,-0.00019697094,-0.00023770695,-0.00049513223,-3.2971464e-05,-0.00054386485,-0.00042756213,0.00048062627,0.99972844,0.003104584,0.00064580445,0.0014273699,0.9999273
0.23155856,0.111364834,0.4342901,0.80716956,0.13993396,0.5692009,0.121796176,0.1132185,0.077650554,0.9572909,0.9944952,0.9545365,-0.008295443,0.39457464,4.898978e-05,0.27575174,0.0017753969,0.2060958,0.16584234,0.00011747374,-0.00016642308,-0.00040050887,-4.480085e-05,0.00039534018,4.0829917e-05,6.199721e-05,1.1204582e-05,-0.00020826461,0.00029447494,2.2944647e-05,-0.000693248,0.00018062648,-7.5917946e-05,-1.2957651e-05,0.00044938587,6.1402407e-06,-0.0003452404,-0.00020624242,-0.00022947854,-0.0001292188,-5.0099537e-05,-6.198208e-06,-0.00026673963,3.0080904e-05,2.7306844e-05,-0.00011135456,-4.4086235e-05,-4.1516945e-05,1.31663255e-05,-0.0002670985,7.4671036e-05,0.019989457,0.99978006,-9.009853e-05,0.00021803015,0.99589396
0.6884149,0.04679007,0.49618176,0.90368456,0.93335783,0.20429331,0.9341869,0.11163738,0.08191867,0.8768557,0.90791553,0.87872523,0.9999995,0.20286445,0.019318199,0.19978449,-0.0007068423,0.00085451757,0.0034892343,0.00031475388,-0.00013610822,6.2176e-05,-0.00011595035,0.00019925361,-3.2749187e-05,-0.00039481555,-6.0103805e-05,-0.00023607808,-0.00024801414,-0.000169431,0.0005321507,0.00016379157,-0.0003936176,0.0002825731,0.99978673,-1.0724963e-05,-4.9076552e-05,-0.00019155395,-4.8003014e-05,-0.00019443998,0.0001385072,8.526346e-05,-0.000301248,-1.970504e-06,0.00011514849,8.6049477e-07,3.5618694e-05,2.4999437e-05,-0.00017610998,-0.0002316572,-0.00020841659,0.0008606927,-0.0015549214,5.7803598e-05,0.0005394591,0.001261988
0.1720528,0.1336137,0.02462107,0.0455774,0.0067961807,0.14514306,0.012040182,0.01035105,0.059348,0.9292223,0.9683937,0.93204737,-0.0027928774,-0.003395666,-0.0021747893,0.0007492013,0.0020309114,0.0016214735,-0.0011425712,0.00015974513,-0.00014889624,0.00016871694,-0.00012604643,1.2556935e-05,9.572905e-06,0.00030758377,-5.1383264e-05,-5.667057e-05,-0.0002938167,6.3460684e-05,0.99900055,-7.299405e-05,0.00017721721,-0.00024342156,-0.00049166766,-8.410982e-05,2.1389016e-05,-0.0001791008,-9.067207e-05,6.965045e-05,-6.7512738e-06,0.00014818583,6.32061e-05,-0.0005110832,0.00028855941,-9.7061595e-05,-0.00013065264,9.5774245e-05,-0.0003916845,-2.1007727e-05,0.0002620314,0.9997834,-0.00027499418,-0.00024157972,0.000452854,0.99993414
0.62133807,0.13736075,0.5076438,0.93593293,0.42100355,0.28127697,0.4169553,0.44015616,0.0993153,0.8708187,0.91197723,0.8852228,1.0,0.7945295,0.100986585,0.28014573,0.06743156,0.001675109,0.061581254,-0.0004770511,-0.00019253901,-0.0004053678,-0.00023050199,0.0005473181,6.718551e-05,-7.276263e-06,0.0008705097,-0.000650656,-0.00025086096,0.00036849262,-0.0090614315,-5.4456603e-05,7.692427e-05,-6.7314875e-05,0.99999994,-0.000303315,-0.00010786923,6.0202656e-05,5.7218916e-05,0.0007925349,-5.624701e-05,0.000111134286,-0.00012003886,-0.000104010236,0.00040573,-0.00040645336,0.00010566016,0.00031831014,-0.000103012135,-0.00028627453,-0.0004434666,-0.0008947232,-5.5036508e-06,-0.00041667288,0.00076080003,0.013297681
0.6396261,0.12456965,0.50235677,0.91465247,0.28334633,0.11396024,0.28186077,0.13423303,0.052709527,0.8744855,0.91700643,0.8862418,0.99999857,0.54283595,0.21266289,-0.021817686,0.0037257771,0.0027815015,-0.0033589187,-0.00012677122,-0.0001504603,-0.00025378118,-0.0003806431,0.00045071676,0.00015828773,2.6095011e-05,0.000391904,0.00015086136,8.537591e-05,7.211797e-05,-0.0016512674,-0.00013597343,4.422738e-05,1.2699791e-05,0.9999947,-0.00014876763,-0.0002390927,-0.00029991992,-7.2245995e-05,0.0004305901,-0.00019762586,0.00027076757,-0.000114217095,-0.00028054096,0.00011403349,-2.8207038e-05,0.00012310978,-2.1140437e-05,0.00037155242,-0.00024156441,-0.00017380323,-0.0023949696,0.00038550745,-0.0005259441,0.0003551425,0.008395506
0.6299781,0.15437736,0.50254714,0.92635894,0.5441698,0.30619055,0.5485821,0.21719614,0.09863356,0.87330186,0.908149,0.88144743,1.0,0.731092,0.09957896,0.25734937,-0.0007854165,6.003375e-05,-0.001601994,-0.00037147963,-0.0002031102,6.395034e-05,-0.0002351003,0.00041290835,-0.00021990821,0.00026984315,0.00063079054,0.00020541472,-0.00031522286,0.00029375672,-0.0039814687,-0.00018201586,-7.632505e-05,-0.00026624335,0.99999934,-0.00016610476,3.135635e-05,-5.9060883e-05,0.00030360257,0.00011420168,-0.000246333,0.00012860172,0.00017063247,-0.00014181431,8.508822e-05,-0.00016339551,6.250004e-06,0.00022608593,4.00368e-05,-9.538757e-05,-0.0001300923,0.0010540147,-0.0010922437,-0.0004622249,0.00015374148,0.0044986843
0.6437856,0.44896367,0.20726667,0.3693221,0.13525224,0.7171941,0.111531764,0.66468936,0.10465111,0.9316426,0.9617116,0.9305229,0.9989927,0.5085688,0.055504218,0.17869498,0.12953645,0.1171777,0.2109765,0.0013898413,-0.00058209646,-0.00037599113,-7.120204e-05,0.0006302238,0.00015306128,0.00085461943,0.0004318088,-0.0011111157,0.0007108927,-0.00048654157,0.0014753089,-0.00032863647,-0.00011068158,0.0002697588,0.9991521,0.0005176429,-0.00086948933,-0.00085053424,-0.00011805855,1.2125467e-05,-4.3822045e-05,4.2680556e-05,0.0002612958,-0.0002423971,2.799675e-05,0.0008876163,0.00037301084,-0.0007258476,3.9174774e-05,-0.00054491527,-4.590232e-05,-0.0024942704,0.9999496,0.0008412141,-0.0026984834,-0.0011852732
0.65971124,0.24038756,0.52449465,0.92164683,0.6405817,0.18800944,0.64680386,0.37780744,0.088469274,0.87857383,0.91740465,0.87162673,0.999989,0.77611345,0.17156878,0.24762464,0.00062345556,-0.002898045,-0.0041429885,-0.00010072059,-0.00023394194,0.00029625883,-0.00021750314,0.00015551214,-4.2526517e-05,0.00029953022,4.344051e-05,0.00022588603,-0.0003041822,9.300168e-05,0.0036692305,0.00018999814,-8.388784e-05,5.7330573e-05,0.00016834267,5.9098224e-05,0.00013845818,-0.00012530935,-7.141975e-05,-2.503287e-05,-0.00012337454,-6.894259e-05,-0.0003604715,-0.00028951874,0.00040314966,-0.00030527628,0.00014006125,-0.0003014762,0.00054784125,-2.2117456e-05,-2.8354412e-05,0.9993808,0.001975837,-0.00032202527,-0.0002947489,0.005636191
0.6591192,0.45405683,0.4732797,0.8932349,0.24475019,0.37955207,0.23079842,0.25650892,0.11456553,0.94267374,0.9780653,0.926035,0.99907243,0.2361734,0.19945188,0.23326856,0.104681276,0.29967472,0.3559406,-0.0029241517,0.00053155085,8.7148044e-05,-0.0010239,-0.0011139006,-0.00030960253,-0.0004194453,0.00023858393,0.0013401285,-0.001031448,0.0008619178,0.0077926856,0.00037575627,9.940855e-05,0.0016135082,0.9988211,-0.0015784224,0.0010142073,0.00030969706,1.3014505e-05,0.0006576422,0.00058719894,0.00055747194,-0.00068531523,-0.0011857656,-0.0006194427,0.0004441126,-0.00045377112,0.00029451482,0.0016272801,0.0006201801,-0.0014454387,-0.050345324,0.99991804,-0.0015173417,0.0036922141,0.006882358
0.6308638,0.46015075,0.46446803,0.87132895,0.2370391,0.76143837,0.25272098,0.23305158,0.098175414,0.9271656,0.95460916,0.9181626,0.9993343,0.4938616,0.062123843,0.27275023,0.090081826,0.10291393,0.18236287,0.00036774046,-0.00025819865,0.0011171561,0.00087981846,-0.00016828862,5.0993258e-05,0.0011175848,0.00054717046,-0.00010256455,0.00028794847,-0.001150037,0.0008216573,-0.00017849887,0.00064833945,9.141961e-05,0.9999424,0.00024069886,-0.0002536425,6.0367485e-05,-0.0014407965,-0.0008893956,0.00012678927,0.00043878856,0.0005094447,0.00014333785,-0.0009249246,-0.000105784566,-5.3749318e-05,-0.00028814876,-0.0005310531,-7.662499e-05,-0.0006480383,0.0019618713,0.9998834,-4.1525374e-05,-0.00068294036,-0.00043411736
0.6099309,-0.018755747,0.466595,0.8823711,0.20754515,0.1325244,0.21477032,0.07580521,0.061088,0.887747,0.92025316,0.89019823,0.9999835,0.55347776,0.0018843822,0.28543583,-0.0030809678,0.0013460905,0.0070675234,-0.00026147085,-0.00011123491,0.00029953336,-2.741428e-05,0.00024417826,-0.00027475547,0.00017872069,0.00013821221,-9.069209e-05,-0.0004363358,6.7155546e-05,0.0033114045,0.0001226951,-0.00032254567,2.0854728e-05,0.9998215,-0.000112327165,0.00022771544,3.60813e-05,0.00052883493,-0.00050665106,-0.0002878509,-0.000105355946,-0.00012235859,6.398262e-05,6.280685e-05,-0.00017704356,-3.3439297e-05,9.0188696e-05,-0.0001349003,4.8646063e-05,0.00013890749,-0.006857406,-0.004332636,-7.8601006e-05,-0.00035611578,0.0050164806
0.6522458,-0.010440216,0.4979946,0.9188355,0.3045404,0.10512478,0.30109492,0.11204069,0.056274068,0.8802981,0.9160378,0.8832515,0.9999975,0.20354728,0.10199873,-0.00046010697,0.0012591028,0.0030467196,0.0027930953,0.00011400784,1.0159594e-05,0.0002437628,-0.00012207292,2.6672933e-05,-0.00013793228,9.219628e-05,4.6781497e-07,-0.00019891317,-0.0002950401,-9.337885e-05,0.0007867951,0.00010316141,-2.6831702e-05,3.3149292e-05,0.99986476,-0.0001604576,-5.3960975e-05,-0.000121444726,0.00016377863,-0.00010392267,-0.00022357135,1.4564323e-05,-0.0001548907,-0.000110282606,4.379847e-05,-1.9276518e-05,-0.00011678123,-6.747771e-05,4.145834e-05,-1.2711447e-05,0.0002704235,-0.0017195736,-0.0003353171,-0.0001857215,-0.00017871219,0.000707114
0.1900787,0.30216312,0.3650528,0.70257854,0.11155341,0.6623546,0.10720673,0.16685295,0.075806126,0.9579623,0.9905436,0.9587551,0.007609596,-0.0034653372,0.0009990026,-0.00020909251,-0.00037776527,-0.0018950434,0.001305836,2.3383735e-05,-9.522331e-05,-3.921159e-06,-0.00012620521,0.00014391952,-0.00020824444,3.5068595e-05,8.434398e-05,-0.00029361283,-0.00017283726,7.297292e-06,-0.0014658625,0.00020547415,-7.0056114e-05,6.133939e-05,-0.00087999925,1.2640425e-05,-7.32662e-05,-2.868029e-05,-0.00016545631,-3.514933e-05,-9.0950896e-05,1.5781969e-05,-1.6366364e-05,-4.5692606e-05,0.000104143866,-0.000102349106,-1.3441837e-05,-8.118699e-06,0.00013530125,-9.164892e-05,-0.00023932233,0.9999383,-0.0005473124,-0.00024734053,0.00024354187,0.9993208
0.56466305,0.14262977,0.20734918,0.3711928,0.10700028,0.46644065,0.08141361,0.31761593,0.06519108,0.91956353,0.9637655,0.9148387,0.9932498,0.49766693,0.026239088,0.05782247,0.042651832,0.31423235,0.28118443,-0.00022078137,0.00012479894,-0.0016136275,0.0007831043,0.00017119772,-9.52573e-05,-5.8653823e-05,-0.00028377993,-0.0004567215,0.00025162572,-0.000111378,0.0035951317,0.0004215149,-0.00025342504,0.0003262711,0.050714247,-0.0003246302,-0.00034668646,-8.0686084e-05,-0.0013743476,0.00054619426,0.00024608008,0.00067148876,-0.00067031186,0.00013129925,-0.00061380025,1.587196e-05,-0.00040872997,5.0215713e-06,-0.0003464945,-0.00028168072,0.00033979124,0.97531736,0.052217584,0.0005161534,0.0009680806,0.016423253
0.17970794,0.22143318,0.058919653,0.11218459,0.0111411,0.78877246,0.02068577,0.21600853,0.076133765,0.9752075,0.99672383,0.9777042,-0.004298596,0.008184217,3.5312143e-05,8.487713e-05,-0.00030325472,0.0012771531,-0.003307859,0.00012435285,-0.00020544817,0.0007486972,3.366181e-05,-0.00046906923,-7.3440795e-05,-0.00011901786,0.00015104235,0.0005266844,-0.00034056345,0.00035743215,-0.0018062516,1.5398586e-05,-0.00021135414,0.0002527412,0.0011603031,-0.000105476975,-3.4407218e-05,2.8395516e-06,-7.381951e-05,-0.00013048248,-1.998822e-05,0.00013049915,-0.00016770828,9.730266e-05,0.000387818,-0.000235289,-2.0809224e-05,0.00012989288,7.141645e-05,-0.0001363245,-5.774691e-05,0.9997515,0.004722859,-0.00034424022,0.00019505926,0.9999894
0.18604581,0.00094451726,0.29026762,0.54840434,0.092111886,0.2591216,0.08996147,0.029027978,0.07438175,0.9457029,0.98189324,0.9434055,-0.00017418619,0.64180064,-0.00013261358,0.0003214972,-0.0010330246,-0.0007309535,0.0012239413,1.51211425e-05,-0.00014814771,9.3591516e-05,-0.00023237064,0.00020075006,2.5121e-05,0.00015042692,-4.467307e-06,-0.00034558302,-7.743799e-05,-2.2325596e-05,-0.0015979414,4.2165517e-05,9.945682e-05,-2.5400717e-05,-0.002126387,3.8495433e-05,-0.00012173116,-0.00023092797,-7.0282455e-05,-0.00018129052,-5.9443977e-05,0.00012174358,-0.00010079176,-0.00012062938,-0.00011378001,-8.252618e-05,-9.691848e-05,3.0685598e-05,-3.5708e-05,-0.000106105814,8.9795045e-05,0.9998095,-0.0024480799,-3.9027305e-05,-0.00010512284,0.9986914
0.22934793,0.34698656,0.43380186,0.8003701,0.13402481,0.747551,0.12546213,0.23552875,0.074783675,0.9570616,0.9919665,0.9572483,-0.0028638248,0.0031316588,-0.0029828483,-7.089216e-05,-0.0012789948,-0.002340434,-0.0003355152,-6.1847735e-05,-0.00020498066,-0.000120375305,-0.00013111798,3.1641306e-05,-9.895081e-05,5.083163e-05,-3.184908e-05,-2.714149e-05,0.000151435,0.00011203268,0.0027119431,0.00012937015,-4.4623106e-05,2.3331304e-05,-0.0021611913,0.00014165218,-0.00018607956,-4.298064e-05,-0.00035065398,1.5819336e-05,-2.2559732e-05,7.157508e-05,-7.6291326e-05,6.092072e-05,8.713693e-05,-2.7129052e-05,-5.0347226e-05,0.00029397674,-2.381031e-05,-0.00022079745,-0.00022051125,0.005026762,0.999382,1.699329e-05,-0.00029929503,0.9989548
0.63341665,-0.011486978,0.49102768,0.9004642,0.27061132,0.12461449,0.26813516,0.06058266,0.057424072,0.88384414,0.9233615,0.8865384,0.99997586,-0.0050024763,0.12576842,0.0012844016,0.0025079201,0.0046616043,0.003789722,-3.5373756e-05,-7.279491e-05,-3.3106888e-05,-0.00023650084,0.000252451,8.439241e-06,-7.128867e-06,-0.00016558876,-0.00029397124,-0.00015019524,-0.00013899755,0.002142356,2.697002e-05,-9.022177e-05,0.00014516125,0.99935335,-9.195891e-05,-0.00011416775,-0.00014394379,6.1320185e-05,0.000100454,-0.00014402093,0.00015895575,-0.00016620438,-0.0001747014,0.00019869814,-5.634561e-05,4.87488e-05,-3.233917e-05,0.00016483857,-6.036632e-05,-5.720326e-05,-0.0072907577,0.0011906408,-8.0201775e-05,-2.326737e-05,-0.0030065032
0.68387175,-0.023623362,0.5070212,0.9176736,0.6036916,0.13482784,0.6029068,0.16379835,0.07394431,0.88219655,0.9175467,0.8865102,0.99999833,0.244561,0.10677156,0.00010087958,0.0009433716,0.0026312217,7.7684424e-05,7.957811e-05,-8.2855375e-05,5.636859e-05,-5.71391e-05,-9.287731e-06,-3.2874428e-05,0.00018966678,-0.00023070266,-0.00021865134,-0.0001457491,-0.0002157479,0.0023687657,0.00019752562,9.773859e-06,4.472796e-05,0.9998984,-2.0239173e-05,-0.00019263901,-0.00014513312,7.7849545e-06,-0.00026193872,-0.00015456785,0.00011849259,-0.00016496166,5.2821793e-05,0.0001493087,-0.00014755335,-7.905472e-05,-9.323511e-05,8.702194e-05,-9.345269e-05,0.00017550317,-0.00055502163,0.00081931084,-4.2840606e-05,-7.772618e-05,-0.004424366
0.18388826,-0.005123988,0.25187737,0.48105347,0.07992601,0.22945094,0.07410186,0.07257086,0.072347835,0.96249336,0.99812627,0.9665625,0.012705044,0.6576153,-0.0019148883,0.30003914,-0.0013474548,0.67745006,0.5597087,0.00018162567,2.656164e-05,0.00039832245,-0.0003540196,4.210332e-05,-0.00021938664,-5.2549643e-05,-0.0006201233,-0.000111211615,-0.00035197954,0.00026282782,0.0039416146,-0.00022282013,-4.5322908e-05,0.00011241094,-0.01413889,-5.087115e-06,8.995639e-05,0.000242511,0.00017019015,-4.53967e-05,-0.0002835648,-0.00042251218,9.400505e-05,-0.0003978003,-0.00038637136,-0.0004305014,-4.127588e-05,0.0003044293,-0.00018976175,0.000262141,0.00020978921,0.9995698,-0.010945589,-0.00013761802,-0.0001363394,0.99998426
0.6332021,-0.010191021,0.5003761,0.91380525,0.547917,0.32570457,0.5517664,0.14397286,0.102687776,0.88455844,0.91645306,0.8864423,0.9999994,0.53174114,0.006159845,0.2763547,-0.0030722173,0.00043850343,0.004783033,-0.00042879206,-0.00012550098,0.00015085656,4.7012873e-07,0.00011233942,-0.00020603994,0.00031613105,-9.919754e-05,-0.0001276743,-0.00042221567,0.00012143912,0.0019274628,0.00015802946,-0.00019924602,-7.513263e-05,0.9999643,-7.698111e-05,5.587403e-05,0.00011535127,0.00040978446,-0.00045975947,-0.00023596862,4.8007023e-05,6.7568355e-05,0.0001766317,9.551601e-05,-0.0003619454,-0.00011537621,9.876213e-05,-0.00019162362,8.2981656e-05,1.2439903e-05,-7.883832e-05,-0.000934757,-6.441638e-06,-0.00014115253,-0.0024980442
0.7186784,0.09594843,0.5196792,0.9338391,0.97734624,0.22497153,0.9773842,0.10845832,0.0790854,0.86407083,0.89200664,0.86100596,1.0,0.00026934827,-0.00077621354,0.15815033,5.6414836e-05,-0.0017035361,0.0013826988,0.00084089866,7.332681e-06,0.00026974687,-9.789759e-05,-0.00012560966,-2.2555047e-05,-0.0008159467,0.00026673323,-7.629456e-05,-0.00027141414,-0.00011401966,-0.0026891073,0.00029675578,-0.0005533162,0.00039589024,0.99960953,-0.00016438853,-0.00015567691,-0.0003177111,-0.00013252051,0.00017493879,0.00021153668,0.000120048055,-0.00042360454,-2.439777e-05,-6.6710956e-05,0.00024297272,-9.530324e-05,-0.00013218942,-0.00023201716,-0.00029112305,-0.0001493759,0.013417496,-0.001836377,-0.00023597176,0.00088757,0.010478034
0.61386865,0.18412238,0.3953382,0.71926045,0.23649034,0.14671972,0.21904565,0.24116622,0.020026732,0.9347225,0.96421015,0.92019033,0.99851996,0.64063686,0.10842203,0.27834207,0.13658817,0.08918869,0.18035293,0.0020601389,-0.00048883085,-1.2347125e-05,0.00055097166,0.00027423116,-0.00020504145,0.000116790194,9.4458126e-05,-0.0006037303,0.001154058,-0.00037223785,0.008270435,6.845467e-05,-0.00018233852,-9.816708e-05,-0.0063056727,0.00030445508,-0.0011498242,6.463278e-05,-0.0015436386,-0.0005288926,0.0001546717,5.9498656e-05,0.0003772644,0.00024670502,-0.00054018875,0.0009075588,0.00017512153,-0.00067713315,-0.0009847282,-0.0008617189,0.00035008596,0.97426146,0.01167981,0.0010104363,-0.0016282361,0.0011137514
0.18366864,0.34623706,0.2805905,0.52276343,0.0871619,0.6687737,0.08674592,0.2160252,0.07229625,0.95994765,0.99049085,0.9614294,0.0018946572,-0.0041982327,0.0014085574,-0.00030594075,-0.0009029554,-0.001774221,0.0008919514,0.00024190846,-0.00015572106,0.000127371,-0.0003459861,0.00018798883,-0.00018827205,-5.6470482e-05,2.8345617e-05,-0.00018375744,-0.00023437172,0.00013644072,-0.0007416521,0.000111018206,1.6203376e-05,0.00014378344,-0.002472411,-1.4988551e-05,3.060914e-05,0.00013173326,-0.00027271197,-0.00023652997,5.0470582e-05,-0.0001743006,1.5877478e-05,-4.5148656e-05,0.00010366112,-1.50470005e-05,-1.1298398e-06,-0.00017267656,2.5409907e-05,-0.00010388461,-0.00032724286,0.99968094,-0.0033080198,-0.00018227735,0.000128577,0.9994897
0.23343742,0.3115659,0.5000488,0.91912216,0.16017821,0.72695875,0.15194012,0.21299805,0.07547034,0.9372996,0.9861248,0.9376696,5.3258613e-05,0.4690473,-8.622813e-05,0.14547278,0.0021223417,0.01432028,0.012798465,0.00018269775,-0.0003069092,-0.0002227085,0.00014610474,-0.00017617576,-3.7513819e-06,0.00026504498,-0.0003530696,-0.00059124216,0.00015203198,-0.0001689398,0.0044702776,-7.665254e-06,5.6114783e-05,-1.6093225e-05,-0.0025605373,0.00016317693,-0.00042834206,-0.0004227916,-0.00023947962,0.00022303965,-0.00030444545,0.00029847695,0.00017147927,-0.00055565935,0.00037677816,-0.00021757324,0.0001092018,0.00020672302,0.000357077,-0.00024992554,-0.000101080564,0.0036923606,0.99870473,0.0005710299,-0.00044525586,0.996234
0.5858283,0.3236838,0.489302,0.91734755,0.44805172,0.32005996,0.4329104,0.6746104,0.060746513,0.86030394,0.90342474,0.86020684,0.99999934,0.5163255,0.20809156,0.25578687,-0.002361092,0.0071542542,0.010652063,0.000108797256,0.00013368987,0.00060673564,-0.00026094075,-0.00030383756,-3.6524827e-05,-0.00013496877,0.00036009462,-0.0007819236,-0.00040925608,0.00035023596,0.0050813155,0.00011964305,0.00017457112,5.8360165e-05,0.9999408,-0.00034019005,0.0001737797,0.00024427992,-0.00043272902,0.0004641224,-0.00013678688,-0.00015342966,-0.00011112983,-0.00044502117,-0.00040029435,-0.00034955144,0.00011369874,-0.00010298916,0.0001305983,7.017853e-05,-0.0005016041,-0.006499735,0.008020342,-0.0005813224,6.935174e-05,0.002974276
0.6404281,0.34599105,0.24505082,0.4479087,0.12742268,0.8154975,0.12405367,0.9124409,0.102855906,0.9178452,0.9574511,0.94134665,0.9987102,0.0006779098,0.3421929,0.43739727,0.2728491,0.33879435,0.5514287,-0.0009714354,-0.0007625013,0.00032027205,-0.00037116022,0.0007964323,-0.00056225574,-9.6734875e-06,-0.0002078003,0.00023034782,0.00049371587,-0.000114342794,-0.0023595106,0.0004936696,-0.0011303592,-0.00037558484,0.99187404,3.505493e-05,4.784054e-05,0.00039763006,0.0014718658,-0.00048012595,-0.00026259903,-0.0010013763,0.00017661694,0.0007461923,0.00011895038,-0.0009849439,-0.00011796197,0.0010225937,-0.00037181049,-0.00034590455,0.0007906768,0.006854118,0.9981078,-0.00016195007,0.00046201365,-0.006174871
0.6372874,0.17450593,0.4853378,0.88731545,0.70475954,0.27513507,0.7124961,0.35772368,0.10059693,0.88028985,0.9182926,0.8707608,0.9999742,0.76722157,0.121816844,0.21961625,4.552686e-05,-0.0036494911,-0.0032342684,-0.000109859364,-0.0002546035,0.00025886187,-0.00020276786,0.00025608722,7.896364e-05,0.00035853326,-0.00014567075,0.00014074938,-0.00021280811,-9.650981e-06,0.004341448,8.321239e-05,5.489827e-05,-7.771115e-05,-0.00055255427,0.00012197258,1.4317862e-05,-0.00020876648,3.182172e-05,-5.126171e-05,-0.00026426616,1.4956977e-05,-0.00034582143,-0.00043067822,0.00028323382,-0.00037249248,6.23471e-05,-0.00023554423,0.0004909606,-6.3790067e-06,0.00014844659,0.9990366,0.0014696222,-0.00026741053,-0.00011239955,0.004013068
0.6428957,0.2437905,0.49885076,0.93656206,0.5684408,0.31548122,0.5884594,0.4479952,0.11524711,0.8734517,0.91436815,0.8720365,0.99999994,0.33241907,0.02544972,0.17254634,0.0009061089,0.13522048,0.10164965,-0.00062066986,-0.0006135202,0.0015641359,0.00012974707,-0.00017658662,-0.00012239353,-0.0005054328,0.00078073324,0.0010002438,0.00031313786,-0.00012690011,-0.0006098686,0.00023991679,0.00037228462,0.00010366454,0.9999987,-1.5046722e-05,0.00034035603,-0.00054557907,-0.00041492196,-0.0008049283,0.00021885836,0.00034912728,-9.273234e-05,-0.00051378406,0.00042432288,0.00010001978,-0.0004718736,0.00042951325,-0.00049523445,-0.0005478211,0.0010286472,0.011838073,-0.00031011086,-0.0011780239,2.4160763e-06,-0.005978176
0.6662394,0.10112219,0.5090197,0.9269781,0.37220874,0.1022839,0.36952093,0.1776183,0.057199996,0.8770012,0.9159219,0.87480485,0.9999953,-0.0036250814,-0.000120653654,0.15049464,0.001392285,-0.0023462747,0.00519329,0.00023316075,-2.0570063e-05,-0.00010313385,-0.00018820695,5.8381804e-05,2.1107408e-06,8.3155806e-05,0.00014857926,-5.2524294e-05,-0.00029272705,0.00010968591,-0.0006525543,0.00012319857,-0.00028407676,4.8787755e-05,0.99981207,-0.00018849573,-0.00022621223,-0.0002578512,0.00036061904,0.00035252172,-0.00023802502,0.00013065795,-0.00016001915,-0.00010260448,5.3203083e-05,-2.3446446e-06,-0.00013410328,-0.0002731185,0.00021038254,2.7967908e-05,-7.0585695e-05,-0.004641858,0.0015160323,-0.00023739156,0.00018156727,0.0074935346
0.6503013,0.11359369,0.5002309,0.91126275,0.32856643,0.11852727,0.32561818,0.18043005,0.057174437,0.8800724,0.9203798,0.8784693,0.9999657,-0.0025652028,0.00070935354,0.12601681,0.0012979876,-0.0017520062,0.004961422,0.00016545627,-7.0721464e-05,-0.00022859381,-0.00019837204,0.00011991004,6.157272e-05,5.9623228e-05,-3.2925993e-05,-8.0514845e-05,-0.00018128831,9.6536045e-05,0.0014378851,0.00014146755,-0.00028725533,8.571644e-05,0.99881804,-0.00014187713,-0.00022091827,-0.00022899662,0.00024290696,0.00027117436,-0.00021287572,0.00015581973,-0.00016921645,-8.179019e-05,6.0675433e-05,-5.7214445e-05,-4.897137e-05,-0.000245469,0.0002110511,-6.2203617e-07,-0.00015857194,-0.0046067936,0.001615495,-0.00010060152,0.00016076706,0.0063972366
0.22443584,0.22152235,0.35774207,0.6759362,0.11074972,0.30603752,0.10824852,0.18304951,0.075941786,0.95378375,0.98806256,0.95321584,0.0012685212,0.41009083,0.000369193,0.00032229268,-0.00068204524,-0.0007045154,0.00096032076,-4.1709995e-05,-0.00018322616,-6.348707e-05,-0.00012184563,7.780852e-05,9.796851e-06,0.000111234825,-8.457401e-05,-7.3659234e-05,7.144385e-05,6.617065e-05,0.0018344943,0.00011175922,-2.4175337e-05,1.3256344e-05,0.0006004943,8.655667e-05,-0.00015772413,-0.00017103355,-0.00016764613,-1.9732492e-05,-0.00010305665,9.600416e-05,-0.00010242571,-0.00011159049,-2.3500936e-05,-0.000100440186,-3.0481533e-05,0.00017582104,4.737673e-05,-0.00015910537,-2.5574458e-05,-0.0049767727,0.9980148,3.578706e-05,-0.0002912089,0.9988486
0.1866466,0.21466078,0.34887412,0.6710191,0.11068276,0.6892495,0.10456665,0.11556824,0.07581465,0.9502839,0.98821735,0.9491134,-0.004026662,0.6086962,0.0006294223,-8.36415e-05,-0.0012251841,-0.00015840656,0.0007486438,8.0083686e-05,-0.00019453929,0.00014732854,-9.5297284e-05,7.24096e-05,-7.431717e-05,0.00010173396,6.318305e-05,-0.00030811562,-8.432337e-05,9.900619e-05,-0.0009869538,9.921432e-05,-0.00013651882,2.8015202e-06,0.0017982469,3.0134857e-05,-0.00015117902,-7.8469755e-05,-0.00013024514,-0.00013502457,-7.62016e-05,2.3708499e-05,-7.192188e-05,-4.275824e-05,8.256995e-05,-0.00013458481,-3.230336e-06,1.485641e-05,5.248199e-06,-0.00017109048,-3.6516685e-05,0.9996631,-0.0047976063,5.5321434e-06,-1.1613687e-05,0.998698
0.16661447,0.1877662,0.08696222,0.17499408,0.021305183,0.0828704,0.03123464,0.0059181806,0.056154676,0.961203,0.9904684,0.9642778,-0.0035978828,0.05359193,-0.0013365822,0.00027574424,0.0020829018,0.0017173014,-0.0011476148,0.00035903478,-4.065159e-05,0.0003819914,1.4138306e-05,-0.00010853846,0.00029650328,0.00021863071,8.08974e-05,-3.932722e-05,-0.00031689988,-5.625219e-05,0.99998486,2.8486935e-05,-2.3851295e-05,2.6151756e-05,0.00017152022,-0.00021471782,-4.373683e-05,-0.00024895396,-0.00015586335,-0.00021078109,4.43295e-06,0.00019303325,-0.00021456515,-0.0002360025,0.0001872328,-0.00014441769,-8.076044e-05,-9.712024e-05,-0.00013959367,-5.089937e-05,0.00041033726,0.99940753,-0.00037619236,-0.0003716752,2.2806656e-05,0.9996489
0.6542992,0.11112113,0.50179625,0.9079081,0.9077432,0.41043967,0.9097793,0.26925617,0.10870376,0.87081015,0.9019832,0.8598365,0.9999977,-0.0006059375,-0.0010801033,0.14040148,-0.001514836,-0.0020898823,-0.0003175144,2.2949636e-05,-0.00022121432,-6.659981e-05,-7.2179704e-05,0.00023152614,-0.00010467447,-0.00019959682,7.0760914e-05,9.249468e-05,-8.907434e-05,-2.3040177e-05,0.0013258873,3.4682616e-05,-0.00039115277,-3.2075797e-05,0.0019513777,0.00019000328,-0.00016718566,-0.00015009238,-5.354153e-05,0.00023651449,-9.131903e-05,0.00042951968,4.1196035e-05,-0.00023994493,0.00019619585,-7.179065e-05,5.804887e-05,0.00016631898,1.37841635e-05,-0.00011749857,-0.00036292462,0.9946968,-0.000763092,-0.00034929637,0.0005756404,0.002049598
0.21991259,0.13302352,0.097796075,0.18576428,0.026272174,0.5731404,0.030920912,0.19745886,0.075899236,0.9777594,0.9982247,0.97943926,0.005320507,0.22214662,0.0038761746,0.00029980927,0.00065918174,0.002009738,-0.00013499374,0.00013978794,-9.860628e-05,0.00035075622,6.456656e-05,-0.00015549897,0.00016247793,6.218606e-05,4.909918e-06,0.00020164164,-0.00032714385,0.00026251547,-0.0032930777,0.00012315834,-0.00025991167,0.00016610762,-0.00400012,1.779289e-05,-0.00016505584,-0.00034251797,-0.00025183972,2.0183674e-05,0.00020749314,6.9255664e-05,-0.00027825555,-0.00014108661,0.00032074185,-0.00028497487,-2.2983746e-05,-0.00017164472,0.0001314726,-8.3052335e-05,-8.2506835e-05,0.028951896,0.9999144,-0.00036289546,0.00050262176,0.9999906
0.6929246,0.24858846,0.52473027,0.92905223,0.60946774,0.16122082,0.6178432,0.38737532,0.094789945,0.8775584,0.9131291,0.8706107,0.999998,0.77128977,0.2149608,0.25191835,-0.00018850129,-0.004195887,-0.0047639767,-0.00013899323,-0.00014913006,0.00059837557,-0.0003132667,0.00019859706,-8.753735e-05,0.0002745227,0.00011607009,0.00036919693,-0.0005346563,0.00022497278,0.0031833765,5.7789035e-05,-2.955678e-05,0.000118476906,0.0005495481,-2.9632442e-05,0.00029691242,-4.028532e-05,4.4516084e-05,-9.81198e-05,-0.00011222117,-0.00029552096,-0.00041376657,-0.00042646658,0.00044278227,-0.0003525187,5.390939e-05,-0.00034030966,0.0006066184,9.3048526e-05,0.00014094115,0.99995065,0.0020940348,-0.00054738234,-0.0004110269,0.0056851506
0.18476348,0.3290538,0.5084079,0.96282434,0.15893756,0.6469258,0.15827674,0.17064545,0.07408538,0.94626004,0.99003625,0.9458431,0.0059830328,0.6723918,0.0002922581,0.0007035249,0.00071901066,-0.0012223743,0.00028990372,-0.00018787489,-0.00012639222,5.4711418e-05,-0.00016255936,-8.572513e-05,-0.00035447555,0.0002250848,-9.585983e-05,-3.5491204e-05,-0.0003439867,0.00026333725,0.00032846723,-7.18356e-05,-0.00012218492,-3.2418902e-05,0.00033823267,-0.00011696026,-0.00014898309,-6.595853e-05,0.00022791367,0.00013137177,-0.0004059947,-0.00020756242,0.00018184012,-0.00032697857,0.00010640625,1.3776236e-05,-5.0035378e-05,0.0004177252,2.6719485e-05,8.430629e-05,-4.0260486e-05,0.999857,-0.0008642103,-0.00015976661,0.00021577883,0.9999051
0.62047386,0.44353923,0.357264,0.61918366,0.20647159,0.44889823,0.17953688,0.28579828,0.117575146,0.9234605,0.95404214,0.9252254,0.9991694,0.5023272,0.044539686,0.22795075,0.10085707,0.122724555,0.1832144,0.0011143286,-0.0010381065,-0.0012499723,0.00024300239,0.001263965,0.0004995563,0.00096269575,-5.678503e-05,-0.0014866788,0.0010469571,-0.00025275035,-0.0017306429,-0.00013464387,-0.00036729878,0.00015014112,0.9999125,0.00046521923,-0.00096391985,-0.0009050065,-2.1916028e-05,0.0005087988,0.0006462253,-0.00018952173,9.894636e-05,-0.0006108933,0.00095134135,0.00040291363,0.0004004926,-0.0010337787,-1.7562998e-06,-0.0006797607,-0.0003754378,0.0007907374,0.9989644,0.00080579374,-0.0022221021,0.0023103072
0.6289582,0.3476483,0.18271385,0.33850133,0.09279105,0.5804713,0.09059788,0.9004079,0.09477829,0.91545236,0.94999814,0.9349697,0.9992538,0.00058591616,0.28106397,0.3531547,0.24763335,0.30841848,0.50591815,-0.00066099584,-0.00065546075,3.8018567e-05,-6.9578615e-05,0.0003762069,-0.00050056976,-6.323028e-05,-0.00021547552,7.348685e-05,0.0003057425,0.0003988382,-0.0009956626,4.237364e-05,-0.0010416786,-0.0005239143,0.98093736,-1.04586434e-07,-0.00019900646,0.0005235291,0.0011305861,0.0002014011,-0.00054374506,-0.0007142053,0.00044143834,0.0007267918,1.14713475e-05,-0.0010933317,-4.3663327e-05,0.0014159308,-0.00054964627,-0.00023742057,0.0006059462,0.0104267895,0.9876135,0.00012864597,-4.0093677e-05,-0.0051401737
